{"cameraMode":{"drawMode":0,"name":"Shaded","section":"Shading Mode"},"sceneLighting":true,"audioPlay":false,"sceneViewState":{"m_AlwaysRefresh":false,"showFog":true,"showSkybox":true,"showFlares":true,"showImageEffects":true,"showParticleSystems":true,"showVisualEffectGraphs":true,"m_FxEnabled":true},"in2DMode":false,"pivot":{"x":-0.09749749302864075,"y":0.3502861261367798,"z":0.4508603811264038},"rotation":{"x":0.3435022532939911,"y":0.13680265843868257,"z":-0.050652630627155307,"w":0.9277622103691101},"size":2.7795512676239015,"orthographic":false}