{"cameraMode":{"drawMode":0,"name":"Shaded","section":"Shading Mode"},"sceneLighting":true,"audioPlay":false,"sceneViewState":{"m_AlwaysRefresh":false,"showFog":true,"showSkybox":true,"showFlares":true,"showImageEffects":true,"showParticleSystems":true,"showVisualEffectGraphs":true,"m_FxEnabled":true},"in2DMode":false,"pivot":{"x":0.02371184527873993,"y":0.29761189222335818,"z":0.79270339012146},"rotation":{"x":0.32977598905563357,"y":0.05207609012722969,"z":-0.018222207203507425,"w":0.9424484968185425},"size":0.6431822776794434,"orthographic":false}